Mass (GeV),acceptance 
100,0.00015382
200,0.00028979
300,0.00091359
400,0.0011283
500,0.001012
600,0.001058
700,0.002202
800,0.0021455
900,0.002421
1000,0.002421
