Mass (GeV),acceptance 
100,0.00085014
200,0.000485980
300,0.00062577
400,0.00082845
500,0.00062054
600,0.00064325
700,0.0007397
800,0.00056225
900,0.0004338
1000,0.00037027