Mass (GeV),acceptance 
100,0.00061004
200,0.0024316
300,0.0038854
400,0.0051921
500,0.0050584
600,0.00598
700,0.0071477
800,0.0074629
900,0.007491
1000,0.0079149
